2025-10-22_02-20-30,None,draft.py:2025-10-22_02-20-30
2025-10-22_02-20-45,None,draft.py:2025-10-22_02-20-45
2025-10-22_02-21-02,None,draft.py:2025-10-22_02-21-02
2025-10-22_02-41-05,None,draft.py:2025-10-22_02-41-05
2025-10-22_02-47-01,None,draft.py:2025-10-22_02-47-01
2025-10-22_03-07-18,None,draft.py:2025-10-22_03-07-18
2025-10-22_03-07-49,None,draft.py:2025-10-22_03-07-18
2025-10-22_12-33-32,None,draft.py:2025-10-22_12-33-32
2025-10-22_12-34-32,None,draft.py:2025-10-22_12-33-32
2025-10-22_12-35-05,None,draft.py:2025-10-22_12-35-05
2025-10-25_21-26-05,None,draft.py:2025-10-25_21-26-05
2025-10-25_21-34-04,None,draft.py:2025-10-25_21-34-04
2025-10-25_21-49-08,None,draft.py:2025-10-25_21-49-08
2025-10-25_21-55-26,None,draft.py:2025-10-25_21-55-26
2025-10-25_21-57-01,None,draft.py:2025-10-25_21-57-01
2025-10-25_22-01-53,None,draft.py:2025-10-25_22-01-53
2025-10-25_23-41-16,None,draft.py:2025-10-25_22-01-53
