2025-10-26_21-09-17,None,draft.py:2025-10-26_21-09-17
2025-10-26_21-14-14,None,draft.py:2025-10-26_21-14-14
2025-10-26_21-18-05,None,draft.py:2025-10-26_21-14-14
2025-10-26_21-39-56,None,draft.py:2025-10-26_21-39-56
2025-10-26_21-40-27,None,draft.py:2025-10-26_21-40-27
2025-10-26_22-05-53,None,draft.py:2025-10-26_22-05-53
2025-10-26_22-24-34,None,draft.py:2025-10-26_22-05-53
2025-10-26_22-26-19,None,draft.py:2025-10-26_22-05-53
2025-10-26_22-35-00,None,draft.py:2025-10-26_22-05-53
2025-10-27_17-26-23,None,draft.py:2025-10-26_22-05-53
2025-10-27_17-54-06,None,draft.py:2025-10-27_17-54-06
2025-10-27_18-34-53,None,draft.py:2025-10-27_18-34-53
2025-10-27_18-35-27,None,draft.py:2025-10-27_18-35-27
2025-10-27_18-36-46,None,draft.py:2025-10-27_18-35-27
2025-10-27_18-39-52,None,draft.py:2025-10-27_18-39-52
2025-10-27_18-43-52,None,draft.py:2025-10-27_18-43-52
2025-10-27_18-44-38,None,draft.py:2025-10-27_18-44-38
2025-10-27_18-47-20,None,draft.py:2025-10-27_18-47-20
