2025-10-25_23-27-36,None,draft.py:2025-10-25_23-27-36
2025-10-25_23-27-58,None,draft.py:2025-10-25_23-27-58
2025-10-25_23-42-52,None,draft.py:2025-10-25_23-27-58
2025-10-25_23-43-15,None,draft.py:2025-10-25_23-27-58
2025-10-25_23-43-15,None,draft.py:2025-10-25_23-27-58
2025-10-25_23-43-40,None,draft.py:2025-10-25_23-43-40
2025-10-26_00-00-17,None,draft.py:2025-10-25_23-43-40
2025-10-26_00-26-55,None,draft.py:2025-10-25_23-43-40
2025-10-26_01-14-10,None,draft.py:2025-10-25_23-43-40
2025-10-26_21-09-11,None,draft.py:2025-10-25_23-43-40
