2025-10-15_11-39-09,None,draft.py:2025-10-15_11-39-09
2025-10-15_11-39-25,None,draft.py:2025-10-15_11-39-25
2025-10-15_11-39-26,None,draft.py:2025-10-15_11-39-25
2025-10-15_11-39-27,None,draft.py:2025-10-15_11-39-25
2025-10-15_11-39-27,None,draft.py:2025-10-15_11-39-25
2025-10-15_11-43-54,None,draft.py:2025-10-15_11-43-54
2025-10-15_11-58-16,None,draft.py:2025-10-15_11-58-16
2025-10-15_12-01-06,None,draft.py:2025-10-15_12-01-06
2025-10-15_12-01-07,None,draft.py:2025-10-15_12-01-06
2025-10-25_20-28-32,None,draft.py:2025-10-25_20-28-32
2025-10-26_21-17-54,None,draft.py:2025-10-25_20-28-32
